thwarting,foiling,frustration,defeat
choler,wrath,angriness,see_red,anger,ira,ire
tired,jade,old-hat,pall,banal,bore,sap,well-worn,tire,wear_down,fag,timeworn,wear_upon,run_down,stock,exhaust,commonplace,fag_out,weary,fatigue,wear,tire_out,outwear,shopworn,wear_out,hackneyed,trite,threadbare,play_out
discourage,discouraging,deter,warn,admonish,monish
bumpy route,bumpy road,unsmooth route,unsmooth road,rough_out route,rough_out road,pugnacious route,pugnacious road,rough route,rough road,harsh route,harsh road,jolting route,jolting road,rough_in route,rough_in road,approximate route,approximate road,grating route,grating road,crude route,crude road,jumpy route,jumpy road,jolty route,jolty road,fierce route,fierce road,rasping route,rasping road,scratchy route,scratchy road,uncut route,uncut road,gravelly route,gravelly road,rocky route,rocky road,raspy route,raspy road,roughly route,roughly road,approximative route,approximative road,boisterous route,boisterous road
hardship,rigourousness,severeness,hard_knocks,rigor,rigorousness,rigour,asperity,grimness,adversity,severity
endurance,survival
less vigor,less get-up-and-go,less zip,less Energy_Department,less energy,less vitality,less vim,less Department_of_Energy,less vigour,less push,less Energy,less DOE,less muscularity,less free_energy
desolate,abandoned,defect,deserted,abandon,derelict,desert,forsake
obstruction,obstacle
temperature
desolate,abandoned,deserted,vacate,give_up,empty,abandon,derelict,desert,forsake
grievous,life-threatening,dangerous,unsafe,severe,serious,grave
toxicant,poisonous_substance,poison,envenom
circumspection,carefulness,admonish,caution,forethought,caveat,monish,precaution,cautiousness,care
feed out of weewee,feed out of piddle,feed out of water_system,feed out of irrigate,feed out of urine,feed out of water_supply,feed out of water,feed out of body_of_water,feed out of H2O,feed out of pee,feed out of piss,hunt out of weewee,hunt out of piddle,hunt out of water_system,hunt out of irrigate,hunt out of urine,hunt out of water_supply,hunt out of water,hunt out of body_of_water,hunt out of H2O,hunt out of pee,hunt out of piss,break_away out of weewee,break_away out of piddle,break_away out of water_system,break_away out of irrigate,break_away out of urine,break_away out of water_supply,break_away out of water,break_away out of body_of_water,break_away out of H2O,break_away out of pee,break_away out of piss,head_for_the_hills out of weewee,head_for_the_hills out of piddle,head_for_the_hills out of water_system,head_for_the_hills out of irrigate,head_for_the_hills out of urine,head_for_the_hills out of water_supply,head_for_the_hills out of water,head_for_the_hills out of body_of_water,head_for_the_hills out of H2O,head_for_the_hills out of pee,head_for_the_hills out of piss,campaign out of weewee,campaign out of piddle,campaign out of water_system,campaign out of irrigate,campaign out of urine,campaign out of water_supply,campaign out of water,campaign out of body_of_water,campaign out of H2O,campaign out of pee,campaign out of piss,melt_down out of weewee,melt_down out of piddle,melt_down out of water_system,melt_down out of irrigate,melt_down out of urine,melt_down out of water_supply,melt_down out of water,melt_down out of body_of_water,melt_down out of H2O,melt_down out of pee,melt_down out of piss,escape out of weewee,escape out of piddle,escape out of water_system,escape out of irrigate,escape out of urine,escape out of water_supply,escape out of water,escape out of body_of_water,escape out of H2O,escape out of pee,escape out of piss,draw out of weewee,draw out of piddle,draw out of water_system,draw out of irrigate,draw out of urine,draw out of water_supply,draw out of water,draw out of body_of_water,draw out of H2O,draw out of pee,draw out of piss,course out of weewee,course out of piddle,course out of water_system,course out of irrigate,course out of urine,course out of water_supply,course out of water,course out of body_of_water,course out of H2O,course out of pee,course out of piss,melt out of weewee,melt out of piddle,melt out of water_system,melt out of irrigate,melt out of urine,melt out of water_supply,melt out of water,melt out of body_of_water,melt out of H2O,melt out of pee,melt out of piss,pass out of weewee,pass out of piddle,pass out of water_system,pass out of irrigate,pass out of urine,pass out of water_supply,pass out of water,pass out of body_of_water,pass out of H2O,pass out of pee,pass out of piss,go out of weewee,go out of piddle,go out of water_system,go out of irrigate,go out of urine,go out of water_supply,go out of water,go out of body_of_water,go out of H2O,go out of pee,go out of piss,prevail out of weewee,prevail out of piddle,prevail out of water_system,prevail out of irrigate,prevail out of urine,prevail out of water_supply,prevail out of water,prevail out of body_of_water,prevail out of H2O,prevail out of pee,prevail out of piss,scat out of weewee,scat out of piddle,scat out of water_system,scat out of irrigate,scat out of urine,scat out of water_supply,scat out of water,scat out of body_of_water,scat out of H2O,scat out of pee,scat out of piss,fly_the_coop out of weewee,fly_the_coop out of piddle,fly_the_coop out of water_system,fly_the_coop out of irrigate,fly_the_coop out of urine,fly_the_coop out of water_supply,fly_the_coop out of water,fly_the_coop out of body_of_water,fly_the_coop out of H2O,fly_the_coop out of pee,fly_the_coop out of piss,lead out of weewee,lead out of piddle,lead out of water_system,lead out of irrigate,lead out of urine,lead out of water_supply,lead out of water,lead out of body_of_water,lead out of H2O,lead out of pee,lead out of piss,bunk out of weewee,bunk out of piddle,bunk out of water_system,bunk out of irrigate,bunk out of urine,bunk out of water_supply,bunk out of water,bunk out of body_of_water,bunk out of H2O,bunk out of pee,bunk out of piss,lean out of weewee,lean out of piddle,lean out of water_system,lean out of irrigate,lean out of urine,lean out of water_supply,lean out of water,lean out of body_of_water,lean out of H2O,lean out of pee,lean out of piss,carry out of weewee,carry out of piddle,carry out of water_system,carry out of irrigate,carry out of urine,carry out of water_supply,carry out of water,carry out of body_of_water,carry out of H2O,carry out of pee,carry out of piss,tend out of weewee,tend out of piddle,tend out of water_system,tend out of irrigate,tend out of urine,tend out of water_supply,tend out of water,tend out of body_of_water,tend out of H2O,tend out of pee,tend out of piss,black_market out of weewee,black_market out of piddle,black_market out of water_system,black_market out of irrigate,black_market out of urine,black_market out of water_supply,black_market out of water,black_market out of body_of_water,black_market out of H2O,black_market out of pee,black_market out of piss,race out of weewee,race out of piddle,race out of water_system,race out of irrigate,race out of urine,race out of water_supply,race out of water,race out of body_of_water,race out of H2O,race out of pee,race out of piss,unravel out of weewee,unravel out of piddle,unravel out of water_system,unravel out of irrigate,unravel out of urine,unravel out of water_supply,unravel out of water,unravel out of body_of_water,unravel out of H2O,unravel out of pee,unravel out of piss,persist out of weewee,persist out of piddle,persist out of water_system,persist out of irrigate,persist out of urine,persist out of water_supply,persist out of water,persist out of body_of_water,persist out of H2O,persist out of pee,persist out of piss,die_hard out of weewee,die_hard out of piddle,die_hard out of water_system,die_hard out of irrigate,die_hard out of urine,die_hard out of water_supply,die_hard out of water,die_hard out of body_of_water,die_hard out of H2O,die_hard out of pee,die_hard out of piss,take_to_the_woods out of weewee,take_to_the_woods out of piddle,take_to_the_woods out of water_system,take_to_the_woods out of irrigate,take_to_the_woods out of urine,take_to_the_woods out of water_supply,take_to_the_woods out of water,take_to_the_woods out of body_of_water,take_to_the_woods out of H2O,take_to_the_woods out of pee,take_to_the_woods out of piss,function out of weewee,function out of piddle,function out of water_system,function out of irrigate,function out of urine,function out of water_supply,function out of water,function out of body_of_water,function out of H2O,function out of pee,function out of piss,lam out of weewee,lam out of piddle,lam out of water_system,lam out of irrigate,lam out of urine,lam out of water_supply,lam out of water,lam out of body_of_water,lam out of H2O,lam out of pee,lam out of piss,play out of weewee,play out of piddle,play out of water_system,play out of irrigate,play out of urine,play out of water_supply,play out of water,play out of body_of_water,play out of H2O,play out of pee,play out of piss,move out of weewee,move out of piddle,move out of water_system,move out of irrigate,move out of urine,move out of water_supply,move out of water,move out of body_of_water,move out of H2O,move out of pee,move out of piss,run out of weewee,run out of piddle,run out of water_system,run out of irrigate,run out of urine,run out of water_supply,run out of water,run out of body_of_water,run out of H2O,run out of pee,run out of piss,extend out of weewee,extend out of piddle,extend out of water_system,extend out of irrigate,extend out of urine,extend out of water_supply,extend out of water,extend out of body_of_water,extend out of H2O,extend out of pee,extend out of piss,ladder out of weewee,ladder out of piddle,ladder out of water_system,ladder out of irrigate,ladder out of urine,ladder out of water_supply,ladder out of water,ladder out of body_of_water,ladder out of H2O,ladder out of pee,ladder out of piss,run_away out of weewee,run_away out of piddle,run_away out of water_system,run_away out of irrigate,run_away out of urine,run_away out of water_supply,run_away out of water,run_away out of body_of_water,run_away out of H2O,run_away out of pee,run_away out of piss,ply out of weewee,ply out of piddle,ply out of water_system,ply out of irrigate,ply out of urine,ply out of water_supply,ply out of water,ply out of body_of_water,ply out of H2O,ply out of pee,ply out of piss,scarper out of weewee,scarper out of piddle,scarper out of water_system,scarper out of irrigate,scarper out of urine,scarper out of water_supply,scarper out of water,scarper out of body_of_water,scarper out of H2O,scarper out of pee,scarper out of piss,bleed out of weewee,bleed out of piddle,bleed out of water_system,bleed out of irrigate,bleed out of urine,bleed out of water_supply,bleed out of water,bleed out of body_of_water,bleed out of H2O,bleed out of pee,bleed out of piss,run_for out of weewee,run_for out of piddle,run_for out of water_system,run_for out of irrigate,run_for out of urine,run_for out of water_supply,run_for out of water,run_for out of body_of_water,run_for out of H2O,run_for out of pee,run_for out of piss,hightail_it out of weewee,hightail_it out of piddle,hightail_it out of water_system,hightail_it out of irrigate,hightail_it out of urine,hightail_it out of water_supply,hightail_it out of water,hightail_it out of body_of_water,hightail_it out of H2O,hightail_it out of pee,hightail_it out of piss,execute out of weewee,execute out of piddle,execute out of water_system,execute out of irrigate,execute out of urine,execute out of water_supply,execute out of water,execute out of body_of_water,execute out of H2O,execute out of pee,execute out of piss,incline out of weewee,incline out of piddle,incline out of water_system,incline out of irrigate,incline out of urine,incline out of water_supply,incline out of water,incline out of body_of_water,incline out of H2O,incline out of pee,incline out of piss,track_down out of weewee,track_down out of piddle,track_down out of water_system,track_down out of irrigate,track_down out of urine,track_down out of water_supply,track_down out of water,track_down out of body_of_water,track_down out of H2O,track_down out of pee,track_down out of piss,consort out of weewee,consort out of piddle,consort out of water_system,consort out of irrigate,consort out of urine,consort out of water_supply,consort out of water,consort out of body_of_water,consort out of H2O,consort out of pee,consort out of piss,work out of weewee,work out of piddle,work out of water_system,work out of irrigate,work out of urine,work out of water_supply,work out of water,work out of body_of_water,work out of H2O,work out of pee,work out of piss,flow out of weewee,flow out of piddle,flow out of water_system,flow out of irrigate,flow out of urine,flow out of water_supply,flow out of water,flow out of body_of_water,flow out of H2O,flow out of pee,flow out of piss,guide out of weewee,guide out of piddle,guide out of water_system,guide out of irrigate,guide out of urine,guide out of water_supply,guide out of water,guide out of body_of_water,guide out of H2O,guide out of pee,guide out of piss,range out of weewee,range out of piddle,range out of water_system,range out of irrigate,range out of urine,range out of water_supply,range out of water,range out of body_of_water,range out of H2O,range out of pee,range out of piss,hunt_down out of weewee,hunt_down out of piddle,hunt_down out of water_system,hunt_down out of irrigate,hunt_down out of urine,hunt_down out of water_supply,hunt_down out of water,hunt_down out of body_of_water,hunt_down out of H2O,hunt_down out of pee,hunt_down out of piss,endure out of weewee,endure out of piddle,endure out of water_system,endure out of irrigate,endure out of urine,endure out of water_supply,endure out of water,endure out of body_of_water,endure out of H2O,endure out of pee,endure out of piss,operate out of weewee,operate out of piddle,operate out of water_system,operate out of irrigate,operate out of urine,operate out of water_supply,operate out of water,operate out of body_of_water,operate out of H2O,operate out of pee,operate out of piss,be_given out of weewee,be_given out of piddle,be_given out of water_system,be_given out of irrigate,be_given out of urine,be_given out of water_supply,be_given out of water,be_given out of body_of_water,be_given out of H2O,be_given out of pee,be_given out of piss,turn_tail out of weewee,turn_tail out of piddle,turn_tail out of water_system,turn_tail out of irrigate,turn_tail out of urine,turn_tail out of water_supply,turn_tail out of water,turn_tail out of body_of_water,turn_tail out of H2O,turn_tail out of pee,turn_tail out of piss
wheel rag through abandon,wheel rag through desolate,wheel rag through desert,wheel rag through forsake,wheel rag through defect,wheel hinge_upon through abandon,wheel hinge_upon through desolate,wheel hinge_upon through desert,wheel hinge_upon through forsake,wheel hinge_upon through defect,wheel razz through abandon,wheel razz through desolate,wheel razz through desert,wheel razz through forsake,wheel razz through defect,wheel bait through abandon,wheel bait through desolate,wheel bait through desert,wheel bait through forsake,wheel bait through defect,wheel devolve_on through abandon,wheel devolve_on through desolate,wheel devolve_on through desert,wheel devolve_on through forsake,wheel devolve_on through defect,wheel tease through abandon,wheel tease through desolate,wheel tease through desert,wheel tease through forsake,wheel tease through defect,wheel twit through abandon,wheel twit through desolate,wheel twit through desert,wheel twit through forsake,wheel twit through defect,wheel taunt through abandon,wheel taunt through desolate,wheel taunt through desert,wheel taunt through forsake,wheel taunt through defect,wheel ride through abandon,wheel ride through desolate,wheel ride through desert,wheel ride through forsake,wheel ride through defect,wheel sit through abandon,wheel sit through desolate,wheel sit through desert,wheel sit through forsake,wheel sit through defect,wheel drive through abandon,wheel drive through desolate,wheel drive through desert,wheel drive through forsake,wheel drive through defect,wheel tantalize through abandon,wheel tantalize through desolate,wheel tantalize through desert,wheel tantalize through forsake,wheel tantalize through defect,wheel cod through abandon,wheel cod through desolate,wheel cod through desert,wheel cod through forsake,wheel cod through defect,wheel depend_upon through abandon,wheel depend_upon through desolate,wheel depend_upon through desert,wheel depend_upon through forsake,wheel depend_upon through defect,wheel rally through abandon,wheel rally through desolate,wheel rally through desert,wheel rally through forsake,wheel rally through defect,wheel turn_on through abandon,wheel turn_on through desolate,wheel turn_on through desert,wheel turn_on through forsake,wheel turn_on through defect,wheel tantalise through abandon,wheel tantalise through desolate,wheel tantalise through desert,wheel tantalise through forsake,wheel tantalise through defect,wheel mount through abandon,wheel mount through desolate,wheel mount through desert,wheel mount through forsake,wheel mount through defect,wheel hinge_on through abandon,wheel hinge_on through desolate,wheel hinge_on through desert,wheel hinge_on through forsake,wheel hinge_on through defect,wheel depend_on through abandon,wheel depend_on through desolate,wheel depend_on through desert,wheel depend_on through forsake,wheel depend_on through defect,bicycle rag through abandon,bicycle rag through desolate,bicycle rag through desert,bicycle rag through forsake,bicycle rag through defect,bicycle hinge_upon through abandon,bicycle hinge_upon through desolate,bicycle hinge_upon through desert,bicycle hinge_upon through forsake,bicycle hinge_upon through defect,bicycle razz through abandon,bicycle razz through desolate,bicycle razz through desert,bicycle razz through forsake,bicycle razz through defect,bicycle bait through abandon,bicycle bait through desolate,bicycle bait through desert,bicycle bait through forsake,bicycle bait through defect,bicycle devolve_on through abandon,bicycle devolve_on through desolate,bicycle devolve_on through desert,bicycle devolve_on through forsake,bicycle devolve_on through defect,bicycle tease through abandon,bicycle tease through desolate,bicycle tease through desert,bicycle tease through forsake,bicycle tease through defect,bicycle twit through abandon,bicycle twit through desolate,bicycle twit through desert,bicycle twit through forsake,bicycle twit through defect,bicycle taunt through abandon,bicycle taunt through desolate,bicycle taunt through desert,bicycle taunt through forsake,bicycle taunt through defect,bicycle ride through abandon,bicycle ride through desolate,bicycle ride through desert,bicycle ride through forsake,bicycle ride through defect,bicycle sit through abandon,bicycle sit through desolate,bicycle sit through desert,bicycle sit through forsake,bicycle sit through defect,bicycle drive through abandon,bicycle drive through desolate,bicycle drive through desert,bicycle drive through forsake,bicycle drive through defect,bicycle tantalize through abandon,bicycle tantalize through desolate,bicycle tantalize through desert,bicycle tantalize through forsake,bicycle tantalize through defect,bicycle cod through abandon,bicycle cod through desolate,bicycle cod through desert,bicycle cod through forsake,bicycle cod through defect,bicycle depend_upon through abandon,bicycle depend_upon through desolate,bicycle depend_upon through desert,bicycle depend_upon through forsake,bicycle depend_upon through defect,bicycle rally through abandon,bicycle rally through desolate,bicycle rally through desert,bicycle rally through forsake,bicycle rally through defect,bicycle turn_on through abandon,bicycle turn_on through desolate,bicycle turn_on through desert,bicycle turn_on through forsake,bicycle turn_on through defect,bicycle tantalise through abandon,bicycle tantalise through desolate,bicycle tantalise through desert,bicycle tantalise through forsake,bicycle tantalise through defect,bicycle mount through abandon,bicycle mount through desolate,bicycle mount through desert,bicycle mount through forsake,bicycle mount through defect,bicycle hinge_on through abandon,bicycle hinge_on through desolate,bicycle hinge_on through desert,bicycle hinge_on through forsake,bicycle hinge_on through defect,bicycle depend_on through abandon,bicycle depend_on through desolate,bicycle depend_on through desert,bicycle depend_on through forsake,bicycle depend_on through defect,bike rag through abandon,bike rag through desolate,bike rag through desert,bike rag through forsake,bike rag through defect,bike hinge_upon through abandon,bike hinge_upon through desolate,bike hinge_upon through desert,bike hinge_upon through forsake,bike hinge_upon through defect,bike razz through abandon,bike razz through desolate,bike razz through desert,bike razz through forsake,bike razz through defect,bike bait through abandon,bike bait through desolate,bike bait through desert,bike bait through forsake,bike bait through defect,bike devolve_on through abandon,bike devolve_on through desolate,bike devolve_on through desert,bike devolve_on through forsake,bike devolve_on through defect,bike tease through abandon,bike tease through desolate,bike tease through desert,bike tease through forsake,bike tease through defect,bike twit through abandon,bike twit through desolate,bike twit through desert,bike twit through forsake,bike twit through defect,bike taunt through abandon,bike taunt through desolate,bike taunt through desert,bike taunt through forsake,bike taunt through defect,bike ride through abandon,bike ride through desolate,bike ride through desert,bike ride through forsake,bike ride through defect,bike sit through abandon,bike sit through desolate,bike sit through desert,bike sit through forsake,bike sit through defect,bike drive through abandon,bike drive through desolate,bike drive through desert,bike drive through forsake,bike drive through defect,bike tantalize through abandon,bike tantalize through desolate,bike tantalize through desert,bike tantalize through forsake,bike tantalize through defect,bike cod through abandon,bike cod through desolate,bike cod through desert,bike cod through forsake,bike cod through defect,bike depend_upon through abandon,bike depend_upon through desolate,bike depend_upon through desert,bike depend_upon through forsake,bike depend_upon through defect,bike rally through abandon,bike rally through desolate,bike rally through desert,bike rally through forsake,bike rally through defect,bike turn_on through abandon,bike turn_on through desolate,bike turn_on through desert,bike turn_on through forsake,bike turn_on through defect,bike tantalise through abandon,bike tantalise through desolate,bike tantalise through desert,bike tantalise through forsake,bike tantalise through defect,bike mount through abandon,bike mount through desolate,bike mount through desert,bike mount through forsake,bike mount through defect,bike hinge_on through abandon,bike hinge_on through desolate,bike hinge_on through desert,bike hinge_on through forsake,bike hinge_on through defect,bike depend_on through abandon,bike depend_on through desolate,bike depend_on through desert,bike depend_on through forsake,bike depend_on through defect,motorcycle rag through abandon,motorcycle rag through desolate,motorcycle rag through desert,motorcycle rag through forsake,motorcycle rag through defect,motorcycle hinge_upon through abandon,motorcycle hinge_upon through desolate,motorcycle hinge_upon through desert,motorcycle hinge_upon through forsake,motorcycle hinge_upon through defect,motorcycle razz through abandon,motorcycle razz through desolate,motorcycle razz through desert,motorcycle razz through forsake,motorcycle razz through defect,motorcycle bait through abandon,motorcycle bait through desolate,motorcycle bait through desert,motorcycle bait through forsake,motorcycle bait through defect,motorcycle devolve_on through abandon,motorcycle devolve_on through desolate,motorcycle devolve_on through desert,motorcycle devolve_on through forsake,motorcycle devolve_on through defect,motorcycle tease through abandon,motorcycle tease through desolate,motorcycle tease through desert,motorcycle tease through forsake,motorcycle tease through defect,motorcycle twit through abandon,motorcycle twit through desolate,motorcycle twit through desert,motorcycle twit through forsake,motorcycle twit through defect,motorcycle taunt through abandon,motorcycle taunt through desolate,motorcycle taunt through desert,motorcycle taunt through forsake,motorcycle taunt through defect,motorcycle ride through abandon,motorcycle ride through desolate,motorcycle ride through desert,motorcycle ride through forsake,motorcycle ride through defect,motorcycle sit through abandon,motorcycle sit through desolate,motorcycle sit through desert,motorcycle sit through forsake,motorcycle sit through defect,motorcycle drive through abandon,motorcycle drive through desolate,motorcycle drive through desert,motorcycle drive through forsake,motorcycle drive through defect,motorcycle tantalize through abandon,motorcycle tantalize through desolate,motorcycle tantalize through desert,motorcycle tantalize through forsake,motorcycle tantalize through defect,motorcycle cod through abandon,motorcycle cod through desolate,motorcycle cod through desert,motorcycle cod through forsake,motorcycle cod through defect,motorcycle depend_upon through abandon,motorcycle depend_upon through desolate,motorcycle depend_upon through desert,motorcycle depend_upon through forsake,motorcycle depend_upon through defect,motorcycle rally through abandon,motorcycle rally through desolate,motorcycle rally through desert,motorcycle rally through forsake,motorcycle rally through defect,motorcycle turn_on through abandon,motorcycle turn_on through desolate,motorcycle turn_on through desert,motorcycle turn_on through forsake,motorcycle turn_on through defect,motorcycle tantalise through abandon,motorcycle tantalise through desolate,motorcycle tantalise through desert,motorcycle tantalise through forsake,motorcycle tantalise through defect,motorcycle mount through abandon,motorcycle mount through desolate,motorcycle mount through desert,motorcycle mount through forsake,motorcycle mount through defect,motorcycle hinge_on through abandon,motorcycle hinge_on through desolate,motorcycle hinge_on through desert,motorcycle hinge_on through forsake,motorcycle hinge_on through defect,motorcycle depend_on through abandon,motorcycle depend_on through desolate,motorcycle depend_on through desert,motorcycle depend_on through forsake,motorcycle depend_on through defect,pedal rag through abandon,pedal rag through desolate,pedal rag through desert,pedal rag through forsake,pedal rag through defect,pedal hinge_upon through abandon,pedal hinge_upon through desolate,pedal hinge_upon through desert,pedal hinge_upon through forsake,pedal hinge_upon through defect,pedal razz through abandon,pedal razz through desolate,pedal razz through desert,pedal razz through forsake,pedal razz through defect,pedal bait through abandon,pedal bait through desolate,pedal bait through desert,pedal bait through forsake,pedal bait through defect,pedal devolve_on through abandon,pedal devolve_on through desolate,pedal devolve_on through desert,pedal devolve_on through forsake,pedal devolve_on through defect,pedal tease through abandon,pedal tease through desolate,pedal tease through desert,pedal tease through forsake,pedal tease through defect,pedal twit through abandon,pedal twit through desolate,pedal twit through desert,pedal twit through forsake,pedal twit through defect,pedal taunt through abandon,pedal taunt through desolate,pedal taunt through desert,pedal taunt through forsake,pedal taunt through defect,pedal ride through abandon,pedal ride through desolate,pedal ride through desert,pedal ride through forsake,pedal ride through defect,pedal sit through abandon,pedal sit through desolate,pedal sit through desert,pedal sit through forsake,pedal sit through defect,pedal drive through abandon,pedal drive through desolate,pedal drive through desert,pedal drive through forsake,pedal drive through defect,pedal tantalize through abandon,pedal tantalize through desolate,pedal tantalize through desert,pedal tantalize through forsake,pedal tantalize through defect,pedal cod through abandon,pedal cod through desolate,pedal cod through desert,pedal cod through forsake,pedal cod through defect,pedal depend_upon through abandon,pedal depend_upon through desolate,pedal depend_upon through desert,pedal depend_upon through forsake,pedal depend_upon through defect,pedal rally through abandon,pedal rally through desolate,pedal rally through desert,pedal rally through forsake,pedal rally through defect,pedal turn_on through abandon,pedal turn_on through desolate,pedal turn_on through desert,pedal turn_on through forsake,pedal turn_on through defect,pedal tantalise through abandon,pedal tantalise through desolate,pedal tantalise through desert,pedal tantalise through forsake,pedal tantalise through defect,pedal mount through abandon,pedal mount through desolate,pedal mount through desert,pedal mount through forsake,pedal mount through defect,pedal hinge_on through abandon,pedal hinge_on through desolate,pedal hinge_on through desert,pedal hinge_on through forsake,pedal hinge_on through defect,pedal depend_on through abandon,pedal depend_on through desolate,pedal depend_on through desert,pedal depend_on through forsake,pedal depend_on through defect,cycle rag through abandon,cycle rag through desolate,cycle rag through desert,cycle rag through forsake,cycle rag through defect,cycle hinge_upon through abandon,cycle hinge_upon through desolate,cycle hinge_upon through desert,cycle hinge_upon through forsake,cycle hinge_upon through defect,cycle razz through abandon,cycle razz through desolate,cycle razz through desert,cycle razz through forsake,cycle razz through defect,cycle bait through abandon,cycle bait through desolate,cycle bait through desert,cycle bait through forsake,cycle bait through defect,cycle devolve_on through abandon,cycle devolve_on through desolate,cycle devolve_on through desert,cycle devolve_on through forsake,cycle devolve_on through defect,cycle tease through abandon,cycle tease through desolate,cycle tease through desert,cycle tease through forsake,cycle tease through defect,cycle twit through abandon,cycle twit through desolate,cycle twit through desert,cycle twit through forsake,cycle twit through defect,cycle taunt through abandon,cycle taunt through desolate,cycle taunt through desert,cycle taunt through forsake,cycle taunt through defect,cycle ride through abandon,cycle ride through desolate,cycle ride through desert,cycle ride through forsake,cycle ride through defect,cycle sit through abandon,cycle sit through desolate,cycle sit through desert,cycle sit through forsake,cycle sit through defect,cycle drive through abandon,cycle drive through desolate,cycle drive through desert,cycle drive through forsake,cycle drive through defect,cycle tantalize through abandon,cycle tantalize through desolate,cycle tantalize through desert,cycle tantalize through forsake,cycle tantalize through defect,cycle cod through abandon,cycle cod through desolate,cycle cod through desert,cycle cod through forsake,cycle cod through defect,cycle depend_upon through abandon,cycle depend_upon through desolate,cycle depend_upon through desert,cycle depend_upon through forsake,cycle depend_upon through defect,cycle rally through abandon,cycle rally through desolate,cycle rally through desert,cycle rally through forsake,cycle rally through defect,cycle turn_on through abandon,cycle turn_on through desolate,cycle turn_on through desert,cycle turn_on through forsake,cycle turn_on through defect,cycle tantalise through abandon,cycle tantalise through desolate,cycle tantalise through desert,cycle tantalise through forsake,cycle tantalise through defect,cycle mount through abandon,cycle mount through desolate,cycle mount through desert,cycle mount through forsake,cycle mount through defect,cycle hinge_on through abandon,cycle hinge_on through desolate,cycle hinge_on through desert,cycle hinge_on through forsake,cycle hinge_on through defect,cycle depend_on through abandon,cycle depend_on through desolate,cycle depend_on through desert,cycle depend_on through forsake,cycle depend_on through defect
ghost town,ghost Town,ghost Ithiel_Town,ghost townspeople,ghost townsfolk,ghost township,trace town,trace Town,trace Ithiel_Town,trace townspeople,trace townsfolk,trace township,ghostwriter town,ghostwriter Town,ghostwriter Ithiel_Town,ghostwriter townspeople,ghostwriter townsfolk,ghostwriter township,ghostwrite town,ghostwrite Town,ghostwrite Ithiel_Town,ghostwrite townspeople,ghostwrite townsfolk,ghostwrite township,haunt town,haunt Town,haunt Ithiel_Town,haunt townspeople,haunt townsfolk,haunt township,spectre town,spectre Town,spectre Ithiel_Town,spectre townspeople,spectre townsfolk,spectre township,shade town,shade Town,shade Ithiel_Town,shade townspeople,shade townsfolk,shade township,spook town,spook Town,spook Ithiel_Town,spook townspeople,spook townsfolk,spook township,touch town,touch Town,touch Ithiel_Town,touch townspeople,touch townsfolk,touch township,obsess town,obsess Town,obsess Ithiel_Town,obsess townspeople,obsess townsfolk,obsess township,specter town,specter Town,specter Ithiel_Town,specter townspeople,specter townsfolk,specter township,wraith town,wraith Town,wraith Ithiel_Town,wraith townspeople,wraith townsfolk,wraith township
mirage
hardship,rigourousness,severeness,hard_knocks,rigor,rigorousness,rigour,asperity,grimness,adversity,severity
harm,scathe,damage,hurt,trauma,injury,impairment
animate_being,brute,beast,animal,fauna,creature
interchange terrain,convert terrain,ever-changing terrain,changing terrain,exchange terrain,modify terrain,vary terrain,transfer terrain,switch terrain,commute terrain,shift terrain,deepen terrain,alter terrain,change terrain
desolate town,desolate Town,desolate Ithiel_Town,desolate townspeople,desolate townsfolk,desolate township,abandoned town,abandoned Town,abandoned Ithiel_Town,abandoned townspeople,abandoned townsfolk,abandoned township,deserted town,deserted Town,deserted Ithiel_Town,deserted townspeople,deserted townsfolk,deserted township,vacate town,vacate Town,vacate Ithiel_Town,vacate townspeople,vacate townsfolk,vacate township,give_up town,give_up Town,give_up Ithiel_Town,give_up townspeople,give_up townsfolk,give_up township,empty town,empty Town,empty Ithiel_Town,empty townspeople,empty townsfolk,empty township,abandon town,abandon Town,abandon Ithiel_Town,abandon townspeople,abandon townsfolk,abandon township,derelict town,derelict Town,derelict Ithiel_Town,derelict townspeople,derelict townsfolk,derelict township,desert town,desert Town,desert Ithiel_Town,desert townspeople,desert townsfolk,desert township,forsake town,forsake Town,forsake Ithiel_Town,forsake townspeople,forsake townsfolk,forsake township
discourage,discouraging,deter,warn,admonish,monish
feed up,liberal up,render up,give up,openhanded up,contribute up,move_over up,kick_in up,consecrate up,have up,pass up,apply up,establish up,bounteous up,founder up,open up,grant up,giving up,pay up,make up,devote up,freehanded up,throw up,cave_in up,impart up,fall_in up,bountiful up,chip_in up,return up,collapse up,turn_over up,afford up,big up,sacrifice up,give_way up,reach up,hand up,break up,hold up,generate up,present up,handsome up,gift up,dedicate up,yield up,leave up,bighearted up,ease_up up,commit up,pass_on up
mislay desire,mislay go_for,mislay promise,mislay hope,mislay Bob_Hope,mislay Leslie_Townes_Hope,mislay trust,mislay Hope,drop_off desire,drop_off go_for,drop_off promise,drop_off hope,drop_off Bob_Hope,drop_off Leslie_Townes_Hope,drop_off trust,drop_off Hope,turn_a_loss desire,turn_a_loss go_for,turn_a_loss promise,turn_a_loss hope,turn_a_loss Bob_Hope,turn_a_loss Leslie_Townes_Hope,turn_a_loss trust,turn_a_loss Hope,recede desire,recede go_for,recede promise,recede hope,recede Bob_Hope,recede Leslie_Townes_Hope,recede trust,recede Hope,misplace desire,misplace go_for,misplace promise,misplace hope,misplace Bob_Hope,misplace Leslie_Townes_Hope,misplace trust,misplace Hope,fall_behind desire,fall_behind go_for,fall_behind promise,fall_behind hope,fall_behind Bob_Hope,fall_behind Leslie_Townes_Hope,fall_behind trust,fall_behind Hope,fall_back desire,fall_back go_for,fall_back promise,fall_back hope,fall_back Bob_Hope,fall_back Leslie_Townes_Hope,fall_back trust,fall_back Hope,lose desire,lose go_for,lose promise,lose hope,lose Bob_Hope,lose Leslie_Townes_Hope,lose trust,lose Hope,suffer desire,suffer go_for,suffer promise,suffer hope,suffer Bob_Hope,suffer Leslie_Townes_Hope,suffer trust,suffer Hope,miss desire,miss go_for,miss promise,miss hope,miss Bob_Hope,miss Leslie_Townes_Hope,miss trust,miss Hope
fight limitation,fight set,fight throttle,fight limit_point,fight demarcation,fight fix,fight bound,fight point_of_accumulation,fight restrict,fight trammel,fight determine,fight limit,fight terminal_point,fight demarcation_line,fight circumscribe,fight terminus_ad_quem,fight restrain,fight boundary,fight confine,fight specify,fight define,force limitation,force set,force throttle,force limit_point,force demarcation,force fix,force bound,force point_of_accumulation,force restrict,force trammel,force determine,force limit,force terminal_point,force demarcation_line,force circumscribe,force terminus_ad_quem,force restrain,force boundary,force confine,force specify,force define,campaign limitation,campaign set,campaign throttle,campaign limit_point,campaign demarcation,campaign fix,campaign bound,campaign point_of_accumulation,campaign restrict,campaign trammel,campaign determine,campaign limit,campaign terminal_point,campaign demarcation_line,campaign circumscribe,campaign terminus_ad_quem,campaign restrain,campaign boundary,campaign confine,campaign specify,campaign define,crowd limitation,crowd set,crowd throttle,crowd limit_point,crowd demarcation,crowd fix,crowd bound,crowd point_of_accumulation,crowd restrict,crowd trammel,crowd determine,crowd limit,crowd terminal_point,crowd demarcation_line,crowd circumscribe,crowd terminus_ad_quem,crowd restrain,crowd boundary,crowd confine,crowd specify,crowd define,pushing limitation,pushing set,pushing throttle,pushing limit_point,pushing demarcation,pushing fix,pushing bound,pushing point_of_accumulation,pushing restrict,pushing trammel,pushing determine,pushing limit,pushing terminal_point,pushing demarcation_line,pushing circumscribe,pushing terminus_ad_quem,pushing restrain,pushing boundary,pushing confine,pushing specify,pushing define,bear_on limitation,bear_on set,bear_on throttle,bear_on limit_point,bear_on demarcation,bear_on fix,bear_on bound,bear_on point_of_accumulation,bear_on restrict,bear_on trammel,bear_on determine,bear_on limit,bear_on terminal_point,bear_on demarcation_line,bear_on circumscribe,bear_on terminus_ad_quem,bear_on restrain,bear_on boundary,bear_on confine,bear_on specify,bear_on define,agitate limitation,agitate set,agitate throttle,agitate limit_point,agitate demarcation,agitate fix,agitate bound,agitate point_of_accumulation,agitate restrict,agitate trammel,agitate determine,agitate limit,agitate terminal_point,agitate demarcation_line,agitate circumscribe,agitate terminus_ad_quem,agitate restrain,agitate boundary,agitate confine,agitate specify,agitate define,labor limitation,labor set,labor throttle,labor limit_point,labor demarcation,labor fix,labor bound,labor point_of_accumulation,labor restrict,labor trammel,labor determine,labor limit,labor terminal_point,labor demarcation_line,labor circumscribe,labor terminus_ad_quem,labor restrain,labor boundary,labor confine,labor specify,labor define,press limitation,press set,press throttle,press limit_point,press demarcation,press fix,press bound,press point_of_accumulation,press restrict,press trammel,press determine,press limit,press terminal_point,press demarcation_line,press circumscribe,press terminus_ad_quem,press restrain,press boundary,press confine,press specify,press define,crusade limitation,crusade set,crusade throttle,crusade limit_point,crusade demarcation,crusade fix,crusade bound,crusade point_of_accumulation,crusade restrict,crusade trammel,crusade determine,crusade limit,crusade terminal_point,crusade demarcation_line,crusade circumscribe,crusade terminus_ad_quem,crusade restrain,crusade boundary,crusade confine,crusade specify,crusade define,labour limitation,labour set,labour throttle,labour limit_point,labour demarcation,labour fix,labour bound,labour point_of_accumulation,labour restrict,labour trammel,labour determine,labour limit,labour terminal_point,labour demarcation_line,labour circumscribe,labour terminus_ad_quem,labour restrain,labour boundary,labour confine,labour specify,labour define,push limitation,push set,push throttle,push limit_point,push demarcation,push fix,push bound,push point_of_accumulation,push restrict,push trammel,push determine,push limit,push terminal_point,push demarcation_line,push circumscribe,push terminus_ad_quem,push restrain,push boundary,push confine,push specify,push define,drive limitation,drive set,drive throttle,drive limit_point,drive demarcation,drive fix,drive bound,drive point_of_accumulation,drive restrict,drive trammel,drive determine,drive limit,drive terminal_point,drive demarcation_line,drive circumscribe,drive terminus_ad_quem,drive restrain,drive boundary,drive confine,drive specify,drive define,advertise limitation,advertise set,advertise throttle,advertise limit_point,advertise demarcation,advertise fix,advertise bound,advertise point_of_accumulation,advertise restrict,advertise trammel,advertise determine,advertise limit,advertise terminal_point,advertise demarcation_line,advertise circumscribe,advertise terminus_ad_quem,advertise restrain,advertise boundary,advertise confine,advertise specify,advertise define,promote limitation,promote set,promote throttle,promote limit_point,promote demarcation,promote fix,promote bound,promote point_of_accumulation,promote restrict,promote trammel,promote determine,promote limit,promote terminal_point,promote demarcation_line,promote circumscribe,promote terminus_ad_quem,promote restrain,promote boundary,promote confine,promote specify,promote define,advertize limitation,advertize set,advertize throttle,advertize limit_point,advertize demarcation,advertize fix,advertize bound,advertize point_of_accumulation,advertize restrict,advertize trammel,advertize determine,advertize limit,advertize terminal_point,advertize demarcation_line,advertize circumscribe,advertize terminus_ad_quem,advertize restrain,advertize boundary,advertize confine,advertize specify,advertize define,tug limitation,tug set,tug throttle,tug limit_point,tug demarcation,tug fix,tug bound,tug point_of_accumulation,tug restrict,tug trammel,tug determine,tug limit,tug terminal_point,tug demarcation_line,tug circumscribe,tug terminus_ad_quem,tug restrain,tug boundary,tug confine,tug specify,tug define
slope in superlative,slope in aggrandizement,slope in elevation,slope in acme,slope in EL,slope in natural_elevation,slope in top,slope in altitude,slope in aggrandisement,slope in height,slope in ALT,slope in lift,slope in peak,slope in pinnacle,slope in tiptop,slope in meridian,slope in raising,slope in summit,dispose in superlative,dispose in aggrandizement,dispose in elevation,dispose in acme,dispose in EL,dispose in natural_elevation,dispose in top,dispose in altitude,dispose in aggrandisement,dispose in height,dispose in ALT,dispose in lift,dispose in peak,dispose in pinnacle,dispose in tiptop,dispose in meridian,dispose in raising,dispose in summit,run in superlative,run in aggrandizement,run in elevation,run in acme,run in EL,run in natural_elevation,run in top,run in altitude,run in aggrandisement,run in height,run in ALT,run in lift,run in peak,run in pinnacle,run in tiptop,run in meridian,run in raising,run in summit,incline in superlative,incline in aggrandizement,incline in elevation,incline in acme,incline in EL,incline in natural_elevation,incline in top,incline in altitude,incline in aggrandisement,incline in height,incline in ALT,incline in lift,incline in peak,incline in pinnacle,incline in tiptop,incline in meridian,incline in raising,incline in summit,lean in superlative,lean in aggrandizement,lean in elevation,lean in acme,lean in EL,lean in natural_elevation,lean in top,lean in altitude,lean in aggrandisement,lean in height,lean in ALT,lean in lift,lean in peak,lean in pinnacle,lean in tiptop,lean in meridian,lean in raising,lean in summit,ramp in superlative,ramp in aggrandizement,ramp in elevation,ramp in acme,ramp in EL,ramp in natural_elevation,ramp in top,ramp in altitude,ramp in aggrandisement,ramp in height,ramp in ALT,ramp in lift,ramp in peak,ramp in pinnacle,ramp in tiptop,ramp in meridian,ramp in raising,ramp in summit,tend in superlative,tend in aggrandizement,tend in elevation,tend in acme,tend in EL,tend in natural_elevation,tend in top,tend in altitude,tend in aggrandisement,tend in height,tend in ALT,tend in lift,tend in peak,tend in pinnacle,tend in tiptop,tend in meridian,tend in raising,tend in summit,pitch in superlative,pitch in aggrandizement,pitch in elevation,pitch in acme,pitch in EL,pitch in natural_elevation,pitch in top,pitch in altitude,pitch in aggrandisement,pitch in height,pitch in ALT,pitch in lift,pitch in peak,pitch in pinnacle,pitch in tiptop,pitch in meridian,pitch in raising,pitch in summit,be_given in superlative,be_given in aggrandizement,be_given in elevation,be_given in acme,be_given in EL,be_given in natural_elevation,be_given in top,be_given in altitude,be_given in aggrandisement,be_given in height,be_given in ALT,be_given in lift,be_given in peak,be_given in pinnacle,be_given in tiptop,be_given in meridian,be_given in raising,be_given in summit,side in superlative,side in aggrandizement,side in elevation,side in acme,side in EL,side in natural_elevation,side in top,side in altitude,side in aggrandisement,side in height,side in ALT,side in lift,side in peak,side in pinnacle,side in tiptop,side in meridian,side in raising,side in summit
stray Benny_Hill,stray J._J._Hill,stray James_Jerome_Hill,stray Alfred_Hawthorne,stray hill,stray pitcher's_mound,stray mound,stray Hill,trilled Benny_Hill,trilled J._J._Hill,trilled James_Jerome_Hill,trilled Alfred_Hawthorne,trilled hill,trilled pitcher's_mound,trilled mound,trilled Hill,roll_up Benny_Hill,roll_up J._J._Hill,roll_up James_Jerome_Hill,roll_up Alfred_Hawthorne,roll_up hill,roll_up pitcher's_mound,roll_up mound,roll_up Hill,vagabond Benny_Hill,vagabond J._J._Hill,vagabond James_Jerome_Hill,vagabond Alfred_Hawthorne,vagabond hill,vagabond pitcher's_mound,vagabond mound,vagabond Hill,seethe Benny_Hill,seethe J._J._Hill,seethe James_Jerome_Hill,seethe Alfred_Hawthorne,seethe hill,seethe pitcher's_mound,seethe mound,seethe Hill,wrap Benny_Hill,wrap J._J._Hill,wrap James_Jerome_Hill,wrap Alfred_Hawthorne,wrap hill,wrap pitcher's_mound,wrap mound,wrap Hill,wander Benny_Hill,wander J._J._Hill,wander James_Jerome_Hill,wander Alfred_Hawthorne,wander hill,wander pitcher's_mound,wander mound,wander Hill,twine Benny_Hill,twine J._J._Hill,twine James_Jerome_Hill,twine Alfred_Hawthorne,twine hill,twine pitcher's_mound,twine mound,twine Hill,swan Benny_Hill,swan J._J._Hill,swan James_Jerome_Hill,swan Alfred_Hawthorne,swan hill,swan pitcher's_mound,swan mound,swan Hill,undulate Benny_Hill,undulate J._J._Hill,undulate James_Jerome_Hill,undulate Alfred_Hawthorne,undulate hill,undulate pitcher's_mound,undulate mound,undulate Hill,tramp Benny_Hill,tramp J._J._Hill,tramp James_Jerome_Hill,tramp Alfred_Hawthorne,tramp hill,tramp pitcher's_mound,tramp mound,tramp Hill,roll_out Benny_Hill,roll_out J._J._Hill,roll_out James_Jerome_Hill,roll_out Alfred_Hawthorne,roll_out hill,roll_out pitcher's_mound,roll_out mound,roll_out Hill,roll Benny_Hill,roll J._J._Hill,roll James_Jerome_Hill,roll Alfred_Hawthorne,roll hill,roll pitcher's_mound,roll mound,roll Hill,hustle Benny_Hill,hustle J._J._Hill,hustle James_Jerome_Hill,hustle Alfred_Hawthorne,hustle hill,hustle pitcher's_mound,hustle mound,hustle Hill,wheel Benny_Hill,wheel J._J._Hill,wheel James_Jerome_Hill,wheel Alfred_Hawthorne,wheel hill,wheel pitcher's_mound,wheel mound,wheel Hill,flap Benny_Hill,flap J._J._Hill,flap James_Jerome_Hill,flap Alfred_Hawthorne,flap hill,flap pitcher's_mound,flap mound,flap Hill,turn_over Benny_Hill,turn_over J._J._Hill,turn_over James_Jerome_Hill,turn_over Alfred_Hawthorne,turn_over hill,turn_over pitcher's_mound,turn_over mound,turn_over Hill,rolled Benny_Hill,rolled J._J._Hill,rolled James_Jerome_Hill,rolled Alfred_Hawthorne,rolled hill,rolled pitcher's_mound,rolled mound,rolled Hill,drift Benny_Hill,drift J._J._Hill,drift James_Jerome_Hill,drift Alfred_Hawthorne,drift hill,drift pitcher's_mound,drift mound,drift Hill,pluck Benny_Hill,pluck J._J._Hill,pluck James_Jerome_Hill,pluck Alfred_Hawthorne,pluck hill,pluck pitcher's_mound,pluck mound,pluck Hill,wave Benny_Hill,wave J._J._Hill,wave James_Jerome_Hill,wave Alfred_Hawthorne,wave hill,wave pitcher's_mound,wave mound,wave Hill,peal Benny_Hill,peal J._J._Hill,peal James_Jerome_Hill,peal Alfred_Hawthorne,peal hill,peal pitcher's_mound,peal mound,peal Hill,rolling Benny_Hill,rolling J._J._Hill,rolling James_Jerome_Hill,rolling Alfred_Hawthorne,rolling hill,rolling pitcher's_mound,rolling mound,rolling Hill,revolve Benny_Hill,revolve J._J._Hill,revolve James_Jerome_Hill,revolve Alfred_Hawthorne,revolve hill,revolve pitcher's_mound,revolve mound,revolve Hill,ramble Benny_Hill,ramble J._J._Hill,ramble James_Jerome_Hill,ramble Alfred_Hawthorne,ramble hill,ramble pitcher's_mound,ramble mound,ramble Hill,pealing Benny_Hill,pealing J._J._Hill,pealing James_Jerome_Hill,pealing Alfred_Hawthorne,pealing hill,pealing pitcher's_mound,pealing mound,pealing Hill,cast Benny_Hill,cast J._J._Hill,cast James_Jerome_Hill,cast Alfred_Hawthorne,cast hill,cast pitcher's_mound,cast mound,cast Hill,range Benny_Hill,range J._J._Hill,range James_Jerome_Hill,range Alfred_Hawthorne,range hill,range pitcher's_mound,range mound,range Hill,rove Benny_Hill,rove J._J._Hill,rove James_Jerome_Hill,rove Alfred_Hawthorne,rove hill,rove pitcher's_mound,rove mound,rove Hill,roam Benny_Hill,roam J._J._Hill,roam James_Jerome_Hill,roam Alfred_Hawthorne,roam hill,roam pitcher's_mound,roam mound,roam Hill,wheeling Benny_Hill,wheeling J._J._Hill,wheeling James_Jerome_Hill,wheeling Alfred_Hawthorne,wheeling hill,wheeling pitcher's_mound,wheeling mound,wheeling Hill,wind Benny_Hill,wind J._J._Hill,wind James_Jerome_Hill,wind Alfred_Hawthorne,wind hill,wind pitcher's_mound,wind mound,wind Hill
trouble_oneself spy,trouble_oneself plenty,trouble_oneself deal,trouble_oneself pot,trouble_oneself sights,trouble_oneself visual_sense,trouble_oneself sight,trouble_oneself flock,trouble_oneself mint,trouble_oneself slew,trouble_oneself mountain,trouble_oneself good_deal,trouble_oneself wad,trouble_oneself muckle,trouble_oneself pile,trouble_oneself lot,trouble_oneself mickle,trouble_oneself mass,trouble_oneself quite_a_little,trouble_oneself passel,trouble_oneself ken,trouble_oneself hatful,trouble_oneself mess,trouble_oneself spate,trouble_oneself visual_modality,trouble_oneself great_deal,trouble_oneself heap,trouble_oneself raft,trouble_oneself peck,trouble_oneself stack,trouble_oneself batch,trouble_oneself tidy_sum,trouble_oneself survey,trouble_oneself vision,trouble_oneself view,perturb spy,perturb plenty,perturb deal,perturb pot,perturb sights,perturb visual_sense,perturb sight,perturb flock,perturb mint,perturb slew,perturb mountain,perturb good_deal,perturb wad,perturb muckle,perturb pile,perturb lot,perturb mickle,perturb mass,perturb quite_a_little,perturb passel,perturb ken,perturb hatful,perturb mess,perturb spate,perturb visual_modality,perturb great_deal,perturb heap,perturb raft,perturb peck,perturb stack,perturb batch,perturb tidy_sum,perturb survey,perturb vision,perturb view,inconvenience_oneself spy,inconvenience_oneself plenty,inconvenience_oneself deal,inconvenience_oneself pot,inconvenience_oneself sights,inconvenience_oneself visual_sense,inconvenience_oneself sight,inconvenience_oneself flock,inconvenience_oneself mint,inconvenience_oneself slew,inconvenience_oneself mountain,inconvenience_oneself good_deal,inconvenience_oneself wad,inconvenience_oneself muckle,inconvenience_oneself pile,inconvenience_oneself lot,inconvenience_oneself mickle,inconvenience_oneself mass,inconvenience_oneself quite_a_little,inconvenience_oneself passel,inconvenience_oneself ken,inconvenience_oneself hatful,inconvenience_oneself mess,inconvenience_oneself spate,inconvenience_oneself visual_modality,inconvenience_oneself great_deal,inconvenience_oneself heap,inconvenience_oneself raft,inconvenience_oneself peck,inconvenience_oneself stack,inconvenience_oneself batch,inconvenience_oneself tidy_sum,inconvenience_oneself survey,inconvenience_oneself vision,inconvenience_oneself view,perturbing spy,perturbing plenty,perturbing deal,perturbing pot,perturbing sights,perturbing visual_sense,perturbing sight,perturbing flock,perturbing mint,perturbing slew,perturbing mountain,perturbing good_deal,perturbing wad,perturbing muckle,perturbing pile,perturbing lot,perturbing mickle,perturbing mass,perturbing quite_a_little,perturbing passel,perturbing ken,perturbing hatful,perturbing mess,perturbing spate,perturbing visual_modality,perturbing great_deal,perturbing heap,perturbing raft,perturbing peck,perturbing stack,perturbing batch,perturbing tidy_sum,perturbing survey,perturbing vision,perturbing view,disturbing spy,disturbing plenty,disturbing deal,disturbing pot,disturbing sights,disturbing visual_sense,disturbing sight,disturbing flock,disturbing mint,disturbing slew,disturbing mountain,disturbing good_deal,disturbing wad,disturbing muckle,disturbing pile,disturbing lot,disturbing mickle,disturbing mass,disturbing quite_a_little,disturbing passel,disturbing ken,disturbing hatful,disturbing mess,disturbing spate,disturbing visual_modality,disturbing great_deal,disturbing heap,disturbing raft,disturbing peck,disturbing stack,disturbing batch,disturbing tidy_sum,disturbing survey,disturbing vision,disturbing view,put_out spy,put_out plenty,put_out deal,put_out pot,put_out sights,put_out visual_sense,put_out sight,put_out flock,put_out mint,put_out slew,put_out mountain,put_out good_deal,put_out wad,put_out muckle,put_out pile,put_out lot,put_out mickle,put_out mass,put_out quite_a_little,put_out passel,put_out ken,put_out hatful,put_out mess,put_out spate,put_out visual_modality,put_out great_deal,put_out heap,put_out raft,put_out peck,put_out stack,put_out batch,put_out tidy_sum,put_out survey,put_out vision,put_out view,worrisome spy,worrisome plenty,worrisome deal,worrisome pot,worrisome sights,worrisome visual_sense,worrisome sight,worrisome flock,worrisome mint,worrisome slew,worrisome mountain,worrisome good_deal,worrisome wad,worrisome muckle,worrisome pile,worrisome lot,worrisome mickle,worrisome mass,worrisome quite_a_little,worrisome passel,worrisome ken,worrisome hatful,worrisome mess,worrisome spate,worrisome visual_modality,worrisome great_deal,worrisome heap,worrisome raft,worrisome peck,worrisome stack,worrisome batch,worrisome tidy_sum,worrisome survey,worrisome vision,worrisome view,distressing spy,distressing plenty,distressing deal,distressing pot,distressing sights,distressing visual_sense,distressing sight,distressing flock,distressing mint,distressing slew,distressing mountain,distressing good_deal,distressing wad,distressing muckle,distressing pile,distressing lot,distressing mickle,distressing mass,distressing quite_a_little,distressing passel,distressing ken,distressing hatful,distressing mess,distressing spate,distressing visual_modality,distressing great_deal,distressing heap,distressing raft,distressing peck,distressing stack,distressing batch,distressing tidy_sum,distressing survey,distressing vision,distressing view,disoblige spy,disoblige plenty,disoblige deal,disoblige pot,disoblige sights,disoblige visual_sense,disoblige sight,disoblige flock,disoblige mint,disoblige slew,disoblige mountain,disoblige good_deal,disoblige wad,disoblige muckle,disoblige pile,disoblige lot,disoblige mickle,disoblige mass,disoblige quite_a_little,disoblige passel,disoblige ken,disoblige hatful,disoblige mess,disoblige spate,disoblige visual_modality,disoblige great_deal,disoblige heap,disoblige raft,disoblige peck,disoblige stack,disoblige batch,disoblige tidy_sum,disoblige survey,disoblige vision,disoblige view,disquiet spy,disquiet plenty,disquiet deal,disquiet pot,disquiet sights,disquiet visual_sense,disquiet sight,disquiet flock,disquiet mint,disquiet slew,disquiet mountain,disquiet good_deal,disquiet wad,disquiet muckle,disquiet pile,disquiet lot,disquiet mickle,disquiet mass,disquiet quite_a_little,disquiet passel,disquiet ken,disquiet hatful,disquiet mess,disquiet spate,disquiet visual_modality,disquiet great_deal,disquiet heap,disquiet raft,disquiet peck,disquiet stack,disquiet batch,disquiet tidy_sum,disquiet survey,disquiet vision,disquiet view,troubling spy,troubling plenty,troubling deal,troubling pot,troubling sights,troubling visual_sense,troubling sight,troubling flock,troubling mint,troubling slew,troubling mountain,troubling good_deal,troubling wad,troubling muckle,troubling pile,troubling lot,troubling mickle,troubling mass,troubling quite_a_little,troubling passel,troubling ken,troubling hatful,troubling mess,troubling spate,troubling visual_modality,troubling great_deal,troubling heap,troubling raft,troubling peck,troubling stack,troubling batch,troubling tidy_sum,troubling survey,troubling vision,troubling view,pain spy,pain plenty,pain deal,pain pot,pain sights,pain visual_sense,pain sight,pain flock,pain mint,pain slew,pain mountain,pain good_deal,pain wad,pain muckle,pain pile,pain lot,pain mickle,pain mass,pain quite_a_little,pain passel,pain ken,pain hatful,pain mess,pain spate,pain visual_modality,pain great_deal,pain heap,pain raft,pain peck,pain stack,pain batch,pain tidy_sum,pain survey,pain vision,pain view,distressful spy,distressful plenty,distressful deal,distressful pot,distressful sights,distressful visual_sense,distressful sight,distressful flock,distressful mint,distressful slew,distressful mountain,distressful good_deal,distressful wad,distressful muckle,distressful pile,distressful lot,distressful mickle,distressful mass,distressful quite_a_little,distressful passel,distressful ken,distressful hatful,distressful mess,distressful spate,distressful visual_modality,distressful great_deal,distressful heap,distressful raft,distressful peck,distressful stack,distressful batch,distressful tidy_sum,distressful survey,distressful vision,distressful view,inconvenience spy,inconvenience plenty,inconvenience deal,inconvenience pot,inconvenience sights,inconvenience visual_sense,inconvenience sight,inconvenience flock,inconvenience mint,inconvenience slew,inconvenience mountain,inconvenience good_deal,inconvenience wad,inconvenience muckle,inconvenience pile,inconvenience lot,inconvenience mickle,inconvenience mass,inconvenience quite_a_little,inconvenience passel,inconvenience ken,inconvenience hatful,inconvenience mess,inconvenience spate,inconvenience visual_modality,inconvenience great_deal,inconvenience heap,inconvenience raft,inconvenience peck,inconvenience stack,inconvenience batch,inconvenience tidy_sum,inconvenience survey,inconvenience vision,inconvenience view,cark spy,cark plenty,cark deal,cark pot,cark sights,cark visual_sense,cark sight,cark flock,cark mint,cark slew,cark mountain,cark good_deal,cark wad,cark muckle,cark pile,cark lot,cark mickle,cark mass,cark quite_a_little,cark passel,cark ken,cark hatful,cark mess,cark spate,cark visual_modality,cark great_deal,cark heap,cark raft,cark peck,cark stack,cark batch,cark tidy_sum,cark survey,cark vision,cark view,incommode spy,incommode plenty,incommode deal,incommode pot,incommode sights,incommode visual_sense,incommode sight,incommode flock,incommode mint,incommode slew,incommode mountain,incommode good_deal,incommode wad,incommode muckle,incommode pile,incommode lot,incommode mickle,incommode mass,incommode quite_a_little,incommode passel,incommode ken,incommode hatful,incommode mess,incommode spate,incommode visual_modality,incommode great_deal,incommode heap,incommode raft,incommode peck,incommode stack,incommode batch,incommode tidy_sum,incommode survey,incommode vision,incommode view,trouble spy,trouble plenty,trouble deal,trouble pot,trouble sights,trouble visual_sense,trouble sight,trouble flock,trouble mint,trouble slew,trouble mountain,trouble good_deal,trouble wad,trouble muckle,trouble pile,trouble lot,trouble mickle,trouble mass,trouble quite_a_little,trouble passel,trouble ken,trouble hatful,trouble mess,trouble spate,trouble visual_modality,trouble great_deal,trouble heap,trouble raft,trouble peck,trouble stack,trouble batch,trouble tidy_sum,trouble survey,trouble vision,trouble view,unhinge spy,unhinge plenty,unhinge deal,unhinge pot,unhinge sights,unhinge visual_sense,unhinge sight,unhinge flock,unhinge mint,unhinge slew,unhinge mountain,unhinge good_deal,unhinge wad,unhinge muckle,unhinge pile,unhinge lot,unhinge mickle,unhinge mass,unhinge quite_a_little,unhinge passel,unhinge ken,unhinge hatful,unhinge mess,unhinge spate,unhinge visual_modality,unhinge great_deal,unhinge heap,unhinge raft,unhinge peck,unhinge stack,unhinge batch,unhinge tidy_sum,unhinge survey,unhinge vision,unhinge view,disturb spy,disturb plenty,disturb deal,disturb pot,disturb sights,disturb visual_sense,disturb sight,disturb flock,disturb mint,disturb slew,disturb mountain,disturb good_deal,disturb wad,disturb muckle,disturb pile,disturb lot,disturb mickle,disturb mass,disturb quite_a_little,disturb passel,disturb ken,disturb hatful,disturb mess,disturb spate,disturb visual_modality,disturb great_deal,disturb heap,disturb raft,disturb peck,disturb stack,disturb batch,disturb tidy_sum,disturb survey,disturb vision,disturb view,bother spy,bother plenty,bother deal,bother pot,bother sights,bother visual_sense,bother sight,bother flock,bother mint,bother slew,bother mountain,bother good_deal,bother wad,bother muckle,bother pile,bother lot,bother mickle,bother mass,bother quite_a_little,bother passel,bother ken,bother hatful,bother mess,bother spate,bother visual_modality,bother great_deal,bother heap,bother raft,bother peck,bother stack,bother batch,bother tidy_sum,bother survey,bother vision,bother view,upset spy,upset plenty,upset deal,upset pot,upset sights,upset visual_sense,upset sight,upset flock,upset mint,upset slew,upset mountain,upset good_deal,upset wad,upset muckle,upset pile,upset lot,upset mickle,upset mass,upset quite_a_little,upset passel,upset ken,upset hatful,upset mess,upset spate,upset visual_modality,upset great_deal,upset heap,upset raft,upset peck,upset stack,upset batch,upset tidy_sum,upset survey,upset vision,upset view,distract spy,distract plenty,distract deal,distract pot,distract sights,distract visual_sense,distract sight,distract flock,distract mint,distract slew,distract mountain,distract good_deal,distract wad,distract muckle,distract pile,distract lot,distract mickle,distract mass,distract quite_a_little,distract passel,distract ken,distract hatful,distract mess,distract spate,distract visual_modality,distract great_deal,distract heap,distract raft,distract peck,distract stack,distract batch,distract tidy_sum,distract survey,distract vision,distract view,ail spy,ail plenty,ail deal,ail pot,ail sights,ail visual_sense,ail sight,ail flock,ail mint,ail slew,ail mountain,ail good_deal,ail wad,ail muckle,ail pile,ail lot,ail mickle,ail mass,ail quite_a_little,ail passel,ail ken,ail hatful,ail mess,ail spate,ail visual_modality,ail great_deal,ail heap,ail raft,ail peck,ail stack,ail batch,ail tidy_sum,ail survey,ail vision,ail view,discommode spy,discommode plenty,discommode deal,discommode pot,discommode sights,discommode visual_sense,discommode sight,discommode flock,discommode mint,discommode slew,discommode mountain,discommode good_deal,discommode wad,discommode muckle,discommode pile,discommode lot,discommode mickle,discommode mass,discommode quite_a_little,discommode passel,discommode ken,discommode hatful,discommode mess,discommode spate,discommode visual_modality,discommode great_deal,discommode heap,discommode raft,discommode peck,discommode stack,discommode batch,discommode tidy_sum,discommode survey,discommode vision,discommode view,disorder spy,disorder plenty,disorder deal,disorder pot,disorder sights,disorder visual_sense,disorder sight,disorder flock,disorder mint,disorder slew,disorder mountain,disorder good_deal,disorder wad,disorder muckle,disorder pile,disorder lot,disorder mickle,disorder mass,disorder quite_a_little,disorder passel,disorder ken,disorder hatful,disorder mess,disorder spate,disorder visual_modality,disorder great_deal,disorder heap,disorder raft,disorder peck,disorder stack,disorder batch,disorder tidy_sum,disorder survey,disorder vision,disorder view,worrying spy,worrying plenty,worrying deal,worrying pot,worrying sights,worrying visual_sense,worrying sight,worrying flock,worrying mint,worrying slew,worrying mountain,worrying good_deal,worrying wad,worrying muckle,worrying pile,worrying lot,worrying mickle,worrying mass,worrying quite_a_little,worrying passel,worrying ken,worrying hatful,worrying mess,worrying spate,worrying visual_modality,worrying great_deal,worrying heap,worrying raft,worrying peck,worrying stack,worrying batch,worrying tidy_sum,worrying survey,worrying vision,worrying view
motivate decelerate,motivate wearisome,motivate dumb,motivate obtuse,motivate tedious,motivate slow,motivate dense,motivate behind,motivate slowly,motivate easy,motivate deadening,motivate tiresome,motivate sluggish,motivate tardily,motivate slow_up,motivate ho-hum,motivate slow_down,motivate dull,motivate irksome,motivate dim,motivate retard,motivate slack,motivate slacken,motivate boring,prompt decelerate,prompt wearisome,prompt dumb,prompt obtuse,prompt tedious,prompt slow,prompt dense,prompt behind,prompt slowly,prompt easy,prompt deadening,prompt tiresome,prompt sluggish,prompt tardily,prompt slow_up,prompt ho-hum,prompt slow_down,prompt dull,prompt irksome,prompt dim,prompt retard,prompt slack,prompt slacken,prompt boring,proceed decelerate,proceed wearisome,proceed dumb,proceed obtuse,proceed tedious,proceed slow,proceed dense,proceed behind,proceed slowly,proceed easy,proceed deadening,proceed tiresome,proceed sluggish,proceed tardily,proceed slow_up,proceed ho-hum,proceed slow_down,proceed dull,proceed irksome,proceed dim,proceed retard,proceed slack,proceed slacken,proceed boring,propel decelerate,propel wearisome,propel dumb,propel obtuse,propel tedious,propel slow,propel dense,propel behind,propel slowly,propel easy,propel deadening,propel tiresome,propel sluggish,propel tardily,propel slow_up,propel ho-hum,propel slow_down,propel dull,propel irksome,propel dim,propel retard,propel slack,propel slacken,propel boring,actuate decelerate,actuate wearisome,actuate dumb,actuate obtuse,actuate tedious,actuate slow,actuate dense,actuate behind,actuate slowly,actuate easy,actuate deadening,actuate tiresome,actuate sluggish,actuate tardily,actuate slow_up,actuate ho-hum,actuate slow_down,actuate dull,actuate irksome,actuate dim,actuate retard,actuate slack,actuate slacken,actuate boring,travel decelerate,travel wearisome,travel dumb,travel obtuse,travel tedious,travel slow,travel dense,travel behind,travel slowly,travel easy,travel deadening,travel tiresome,travel sluggish,travel tardily,travel slow_up,travel ho-hum,travel slow_down,travel dull,travel irksome,travel dim,travel retard,travel slack,travel slacken,travel boring,move decelerate,move wearisome,move dumb,move obtuse,move tedious,move slow,move dense,move behind,move slowly,move easy,move deadening,move tiresome,move sluggish,move tardily,move slow_up,move ho-hum,move slow_down,move dull,move irksome,move dim,move retard,move slack,move slacken,move boring,impress decelerate,impress wearisome,impress dumb,impress obtuse,impress tedious,impress slow,impress dense,impress behind,impress slowly,impress easy,impress deadening,impress tiresome,impress sluggish,impress tardily,impress slow_up,impress ho-hum,impress slow_down,impress dull,impress irksome,impress dim,impress retard,impress slack,impress slacken,impress boring,displace decelerate,displace wearisome,displace dumb,displace obtuse,displace tedious,displace slow,displace dense,displace behind,displace slowly,displace easy,displace deadening,displace tiresome,displace sluggish,displace tardily,displace slow_up,displace ho-hum,displace slow_down,displace dull,displace irksome,displace dim,displace retard,displace slack,displace slacken,displace boring,strike decelerate,strike wearisome,strike dumb,strike obtuse,strike tedious,strike slow,strike dense,strike behind,strike slowly,strike easy,strike deadening,strike tiresome,strike sluggish,strike tardily,strike slow_up,strike ho-hum,strike slow_down,strike dull,strike irksome,strike dim,strike retard,strike slack,strike slacken,strike boring,run decelerate,run wearisome,run dumb,run obtuse,run tedious,run slow,run dense,run behind,run slowly,run easy,run deadening,run tiresome,run sluggish,run tardily,run slow_up,run ho-hum,run slow_down,run dull,run irksome,run dim,run retard,run slack,run slacken,run boring,locomote decelerate,locomote wearisome,locomote dumb,locomote obtuse,locomote tedious,locomote slow,locomote dense,locomote behind,locomote slowly,locomote easy,locomote deadening,locomote tiresome,locomote sluggish,locomote tardily,locomote slow_up,locomote ho-hum,locomote slow_down,locomote dull,locomote irksome,locomote dim,locomote retard,locomote slack,locomote slacken,locomote boring,be_active decelerate,be_active wearisome,be_active dumb,be_active obtuse,be_active tedious,be_active slow,be_active dense,be_active behind,be_active slowly,be_active easy,be_active deadening,be_active tiresome,be_active sluggish,be_active tardily,be_active slow_up,be_active ho-hum,be_active slow_down,be_active dull,be_active irksome,be_active dim,be_active retard,be_active slack,be_active slacken,be_active boring,act decelerate,act wearisome,act dumb,act obtuse,act tedious,act slow,act dense,act behind,act slowly,act easy,act deadening,act tiresome,act sluggish,act tardily,act slow_up,act ho-hum,act slow_down,act dull,act irksome,act dim,act retard,act slack,act slacken,act boring,go decelerate,go wearisome,go dumb,go obtuse,go tedious,go slow,go dense,go behind,go slowly,go easy,go deadening,go tiresome,go sluggish,go tardily,go slow_up,go ho-hum,go slow_down,go dull,go irksome,go dim,go retard,go slack,go slacken,go boring,affect decelerate,affect wearisome,affect dumb,affect obtuse,affect tedious,affect slow,affect dense,affect behind,affect slowly,affect easy,affect deadening,affect tiresome,affect sluggish,affect tardily,affect slow_up,affect ho-hum,affect slow_down,affect dull,affect irksome,affect dim,affect retard,affect slack,affect slacken,affect boring,moving decelerate,moving wearisome,moving dumb,moving obtuse,moving tedious,moving slow,moving dense,moving behind,moving slowly,moving easy,moving deadening,moving tiresome,moving sluggish,moving tardily,moving slow_up,moving ho-hum,moving slow_down,moving dull,moving irksome,moving dim,moving retard,moving slack,moving slacken,moving boring,make_a_motion decelerate,make_a_motion wearisome,make_a_motion dumb,make_a_motion obtuse,make_a_motion tedious,make_a_motion slow,make_a_motion dense,make_a_motion behind,make_a_motion slowly,make_a_motion easy,make_a_motion deadening,make_a_motion tiresome,make_a_motion sluggish,make_a_motion tardily,make_a_motion slow_up,make_a_motion ho-hum,make_a_motion slow_down,make_a_motion dull,make_a_motion irksome,make_a_motion dim,make_a_motion retard,make_a_motion slack,make_a_motion slacken,make_a_motion boring,incite decelerate,incite wearisome,incite dumb,incite obtuse,incite tedious,incite slow,incite dense,incite behind,incite slowly,incite easy,incite deadening,incite tiresome,incite sluggish,incite tardily,incite slow_up,incite ho-hum,incite slow_down,incite dull,incite irksome,incite dim,incite retard,incite slack,incite slacken,incite boring
blistering abandon,blistering desolate,blistering desert,blistering forsake,blistering defect,red-hot abandon,red-hot desolate,red-hot desert,red-hot forsake,red-hot defect,raging abandon,raging desolate,raging desert,raging forsake,raging defect,live abandon,live desolate,live desert,live forsake,live defect,hot abandon,hot desolate,hot desert,hot forsake,hot defect,spicy abandon,spicy desolate,spicy desert,spicy forsake,spicy defect
old timekeeper advice,old timer advice,honest-to-god timekeeper advice,honest-to-god timer advice,erstwhile timekeeper advice,erstwhile timer advice,older timekeeper advice,older timer advice,one-time timekeeper advice,one-time timer advice,onetime timekeeper advice,onetime timer advice,sometime timekeeper advice,sometime timer advice,quondam timekeeper advice,quondam timer advice,sure-enough timekeeper advice,sure-enough timer advice,Old timekeeper advice,Old timer advice,honest-to-goodness timekeeper advice,honest-to-goodness timer advice,former timekeeper advice,former timer advice,previous timekeeper advice,previous timer advice
weakly route,weakly road,weak route,weak road,shaky route,shaky road,sapless route,sapless road,wonky route,wonky road,feeble route,feeble road,decrepit route,decrepit road,rachitic route,rachitic road,infirm route,infirm road,rickety route,rickety road,debile route,debile road,wobbly route,wobbly road
